{
    "loss": 0.4089333713054657,
    "accuracy": 0.8627451062202454
}